Method,Average Execution Time,Total Execution Time,Average Memory Usage,Total Memory Usage
deeplift,9.673458195999995,241.83645489999986,2900.6325,72515.8125
nisp,8.529066373684202,162.05226109999984,2881.3468338815787,54745.58984375
