Method,Average Execution Time,Total Execution Time,Average Memory Usage,Total Memory Usage
actif_mean,11.451811752,286.29529379999997,705.6509375,17641.2734375
actif_mean_stddev,11.474559388000012,286.8639847000003,726.64046875,18166.01171875
actif_mean,6.642758424000001,166.06896060000003,711.3575,17783.9375
